component 0,component 1,component 2,请选择使用模式,flag,username,timestamp
"“唱响美好童年　欢度快乐六一”最受欢迎节目评选活动“六一”的欢乐还未散去，小朋友们依然在津津乐道着这个属于自己的节日。
为了让小森林兴海苑幼儿园的小朋友们获得满满的成就感，特推出本次“唱响美好童年　欢度快乐六一”最受欢迎节目评选活动，请您在欣赏小朋友们表演之余为您最喜爱的节目投上宝贵的一票。
投票规则：每人仅有一次投票机会，请投给您最喜爱的节目哟。
投票开始及截止日期：2023年5月31日—6月2日（中午12点前）期待您的参与。
节目精彩回顾请您扫码欣赏大一班：《金色童年》大二班：《咖喱咖喱》大三班：《声声慢》大四班：《童年》大五班：《小书包》大六班：《大中国》中一班：《棒棒糖》中二班：《你笑起来真好看》中三班：《给我一个拥抱》中四班：《我和我的祖国》中五班：《把未来点亮》请给孩子们投票吧每人仅限一票哦。
感谢您对小朋友们的支持与喜爱。
投票结果将在园内公布，敬请期待。
小森林兴海苑幼儿园2023年秋季新生摸底登记开始啦。
成长热线：0551—65660061联系人：夏老师         地址：新海大道与萧城路交口向南300米兴海苑二期东门。
我想让你充当文章内容分析专家，你需要阅读我接下来输入的文章内容，将分析结果用json数据的格式反馈给我。
请分析出这篇文章所描述的活动是是不是投票或者评选活动，如果是请用action=1字段表示，如果不是请用acion=0表示，请继续分析该活动是在以下四种状态中的哪种状态。
action_type=1、征集选手中 action_type=2、活动筹备中 action_type=3、活动进行中 action_type=4、活动已结束，action_type=5、投票截至。请用action_type来表达活动状态 不是请用action_type=0表示。
今天是2023年6月2日。
如果有联系方式也帮我提取出来 姓名 name=, 电话phone= 地区到省就行 area=***",,E:\glm\langchain-ChatGLM\flagged\component 2\tmpdqj9j8zd.json,LLM 对话,,fe95b27d962c4b7d92d99b2e3631ae6c,2023-06-02 20:22:01.010291
"我想让你充当文章内容分析专家，你需要阅读我接下来输入的文章内容，将分析结果用json数据的格式反馈给我。 请分析出这篇文章所描述的活动是是不是投票或者评选活动，如果是请用action=1字段表示，如果不是请用acion=0表示，请继续分析该活动是在以下四种状态中的哪种状态。 action_type=1、征集选手中 action_type=2、活动筹备中 action_type=3、活动进行中 action_type=4、活动已结束，action_type=5、投票截至。请用action_type来表达活动状态 不是请用action_type=0表示。 今天是2023年6月2日。 如果有联系方式也帮我提取出来 姓名 name=, 电话phone= 地区到省就行 area=***",,E:\glm\langchain-ChatGLM\flagged\component 2\tmpl6i4xxs7.json,知识库问答,,fe95b27d962c4b7d92d99b2e3631ae6c,2023-06-02 20:23:11.429342
"我想让你充当文章内容分析专家，你需要阅读我接下来输入的文章内容， 请分析出这篇文章所描述的活动是是不是投票或者评选活动，如果是请用action=1字段表示，如果不是请用acion=0表示，请继续分析该活动是在以下四种状态中的哪种状态。 action_type=1、征集选手中 action_type=2、活动筹备中 action_type=3、活动进行中 action_type=4、活动已结束，action_type=5、投票截至。请用action_type来表达活动状态 不是请用action_type=0表示。 今天是2023年6月2日。 如果有联系方式也帮我提取出来 姓名 name=, 电话phone= 地区到省就行 area=***。将分析结果用json数据的格式反馈给我。

文章内容为：
“唱响美好童年　欢度快乐六一”最受欢迎节目评选活动“六一”的欢乐还未散去，小朋友们依然在津津乐道着这个属于自己的节日。
为了让小森林兴海苑幼儿园的小朋友们获得满满的成就感，特推出本次“唱响美好童年　欢度快乐六一”最受欢迎节目评选活动，请您在欣赏小朋友们表演之余为您最喜爱的节目投上宝贵的一票。
投票规则：每人仅有一次投票机会，请投给您最喜爱的节目哟。
投票开始及截止日期：2023年5月31日—6月2日（中午12点前）期待您的参与。
节目精彩回顾请您扫码欣赏大一班：《金色童年》大二班：《咖喱咖喱》大三班：《声声慢》大四班：《童年》大五班：《小书包》大六班：《大中国》中一班：《棒棒糖》中二班：《你笑起来真好看》中三班：《给我一个拥抱》中四班：《我和我的祖国》中五班：《把未来点亮》请给孩子们投票吧每人仅限一票哦。
感谢您对小朋友们的支持与喜爱。
投票结果将在园内公布，敬请期待。
小森林兴海苑幼儿园2023年秋季新生摸底登记开始啦。
成长热线：0551—65660061联系人：夏老师         地址：新海大道与萧城路交口向南300米兴海苑二期东门。",,E:\glm\langchain-ChatGLM\flagged\component 2\tmpbdebjy0o.json,知识库问答,,fe95b27d962c4b7d92d99b2e3631ae6c,2023-06-02 20:25:23.466124
"我想让你充当文章内容分析专家，你需要阅读我接下来输入的文章内容， 请分析出这篇文章所描述的活动是是不是投票或者评选活动，如果是请用action=1字段表示，如果不是请用acion=0表示，请继续分析该活动是在以下四种状态中的哪种状态。 action_type=1、征集选手中 action_type=2、活动筹备中 action_type=3、活动进行中 action_type=4、活动已结束，action_type=5、投票截至。请用action_type来表达活动状态 不是请用action_type=0表示。 今天是2023年6月2日。 如果有联系方式也帮我提取出来 姓名 name=, 电话phone= 地区到省就行 area=***。将分析结果用json数据的格式反馈给我。

文章内容为：
“唱响美好童年　欢度快乐六一”最受欢迎节目评选活动“六一”的欢乐还未散去，小朋友们依然在津津乐道着这个属于自己的节日。
为了让小森林兴海苑幼儿园的小朋友们获得满满的成就感，特推出本次“唱响美好童年　欢度快乐六一”最受欢迎节目评选活动，请您在欣赏小朋友们表演之余为您最喜爱的节目投上宝贵的一票。
投票规则：每人仅有一次投票机会，请投给您最喜爱的节目哟。
投票开始及截止日期：2023年5月31日—6月2日（中午12点前）期待您的参与。
节目精彩回顾请您扫码欣赏大一班：《金色童年》大二班：《咖喱咖喱》大三班：《声声慢》大四班：《童年》大五班：《小书包》大六班：《大中国》中一班：《棒棒糖》中二班：《你笑起来真好看》中三班：《给我一个拥抱》中四班：《我和我的祖国》中五班：《把未来点亮》请给孩子们投票吧每人仅限一票哦。
感谢您对小朋友们的支持与喜爱。
投票结果将在园内公布，敬请期待。
小森林兴海苑幼儿园2023年秋季新生摸底登记开始啦。
成长热线：0551—65660061联系人：夏老师         地址：新海大道与萧城路交口向南300米兴海苑二期东门。",,E:\glm\langchain-ChatGLM\flagged\component 2\tmp2v4cr2t9.json,LLM 对话,,fe95b27d962c4b7d92d99b2e3631ae6c,2023-06-02 20:26:11.582901
"我想让你充当文章内容分析专家，你需要阅读我接下来输入的文章内容，将分析结果用json数据的格式反馈给我。 请分析出这篇文章所描述的活动是是不是投票或者评选活动，如果是请用action=1字段表示，如果不是请用acion=0表示，请继续分析该活动是在以下四种状态中的哪种状态： 1、征集选手中 2、活动筹备中 3、活动进行中 4、活动已结束，5、投票已截至。请用action_type来表达活动状态 如果以上都不是请用action_type=0表示。如果有联系方式也帮我提取出来 姓名=name, 电话=phone 地区到省即可=area。

文章内容为：
“唱响美好童年　欢度快乐六一”最受欢迎节目评选活动“六一”的欢乐还未散去，小朋友们依然在津津乐道着这个属于自己的节日。
为了让小森林兴海苑幼儿园的小朋友们获得满满的成就感，特推出本次“唱响美好童年　欢度快乐六一”最受欢迎节目评选活动，请您在欣赏小朋友们表演之余为您最喜爱的节目投上宝贵的一票。
投票规则：每人仅有一次投票机会，请投给您最喜爱的节目哟。
投票开始及截止日期：2023年5月31日—6月2日（中午12点前）期待您的参与。
节目精彩回顾请您扫码欣赏大一班：《金色童年》大二班：《咖喱咖喱》大三班：《声声慢》大四班：《童年》大五班：《小书包》大六班：《大中国》中一班：《棒棒糖》中二班：《你笑起来真好看》中三班：《给我一个拥抱》中四班：《我和我的祖国》中五班：《把未来点亮》请给孩子们投票吧每人仅限一票哦。
感谢您对小朋友们的支持与喜爱。
投票结果将在园内公布，敬请期待。
小森林兴海苑幼儿园2023年秋季新生摸底登记开始啦。
成长热线：0551—65660061联系人：夏老师         地址：新海大道与萧城路交口向南300米兴海苑二期东门。",,E:\glm\langchain-ChatGLM\flagged\component 2\tmpccf1b892.json,LLM 对话,,fe95b27d962c4b7d92d99b2e3631ae6c,2023-06-02 20:32:20.858162
"我想让你充当文章内容分析专家，你需要阅读我接下来输入的文章内容，将分析结果用json数据的格式反馈给我。 请分析出这篇文章所描述的活动是是不是投票或者评选活动，如果是请用action=1字段表示，如果不是请用acion=0表示，请继续分析该活动处于以下五种状态中的哪种状态： 1、征集选手中 2、活动筹备中 3、活动进行中 4、活动已结束，5、投票已截至。将状态用action_type来表示对应的编号。如果以上都不是请用action_type=0表示。如果有联系方式也帮我提取出来 姓名=name, 电话=phone 地区到省即可=area。

文章内容为：
“唱响美好童年　欢度快乐六一”最受欢迎节目评选活动“六一”的欢乐还未散去，小朋友们依然在津津乐道着这个属于自己的节日。
为了让小森林兴海苑幼儿园的小朋友们获得满满的成就感，特推出本次“唱响美好童年　欢度快乐六一”最受欢迎节目评选活动，请您在欣赏小朋友们表演之余为您最喜爱的节目投上宝贵的一票。
投票规则：每人仅有一次投票机会，请投给您最喜爱的节目哟。
投票开始及截止日期：2023年5月31日—6月2日（中午12点前）期待您的参与。
节目精彩回顾请您扫码欣赏大一班：《金色童年》大二班：《咖喱咖喱》大三班：《声声慢》大四班：《童年》大五班：《小书包》大六班：《大中国》中一班：《棒棒糖》中二班：《你笑起来真好看》中三班：《给我一个拥抱》中四班：《我和我的祖国》中五班：《把未来点亮》请给孩子们投票吧每人仅限一票哦。
感谢您对小朋友们的支持与喜爱。
投票结果将在园内公布，敬请期待。
小森林兴海苑幼儿园2023年秋季新生摸底登记开始啦。
成长热线：0551—65660061联系人：夏老师         地址：新海大道与萧城路交口向南300米兴海苑二期东门。",,E:\glm\langchain-ChatGLM\flagged\component 2\tmpm6v17hl4.json,LLM 对话,,fe95b27d962c4b7d92d99b2e3631ae6c,2023-06-02 20:36:29.750390
"我想让你充当文章内容分析专家，你需要阅读我接下来输入的文章内容，将分析结果用json数据的格式反馈给我。 请分析出这篇文章所描述的活动是是不是投票或者评选活动，如果是请用action=1表示，如果不是请用acion=0表示，如果该活动状态处于征集选手中请用action_type=1表示 ，该活动状态如果处于活动筹备中请用action_type=2表示，该活动状态如果处于活动进行中请用action_type=3表示， 该活动如果处于已结束状态请用action_type=4表示，该活动如果处于报名截止状态请用action_type=5表示。如果以上都不是请用action_type=0表示。请将联系方式提取出来，用name字段表达姓名, phone字段表达联系方式或联系手机号，area字段表达联系地址。

文章内容为：
“唱响美好童年　欢度快乐六一”最受欢迎节目评选活动“六一”的欢乐还未散去，小朋友们依然在津津乐道着这个属于自己的节日。
为了让小森林兴海苑幼儿园的小朋友们获得满满的成就感，特推出本次“唱响美好童年　欢度快乐六一”最受欢迎节目评选活动，请您在欣赏小朋友们表演之余为您最喜爱的节目投上宝贵的一票。
投票规则：每人仅有一次投票机会，请投给您最喜爱的节目哟。
投票开始及截止日期：2023年5月31日—6月2日（中午12点前）期待您的参与。
节目精彩回顾请您扫码欣赏大一班：《金色童年》大二班：《咖喱咖喱》大三班：《声声慢》大四班：《童年》大五班：《小书包》大六班：《大中国》中一班：《棒棒糖》中二班：《你笑起来真好看》中三班：《给我一个拥抱》中四班：《我和我的祖国》中五班：《把未来点亮》请给孩子们投票吧每人仅限一票哦。
感谢您对小朋友们的支持与喜爱。
投票结果将在园内公布，敬请期待。
小森林兴海苑幼儿园2023年秋季新生摸底登记开始啦。
成长热线：0551—65660061联系人：夏老师         地址：新海大道与萧城路交口向南300米兴海苑二期东门。",,E:\glm\langchain-ChatGLM\flagged\component 2\tmpunf3bbxk.json,LLM 对话,,fe95b27d962c4b7d92d99b2e3631ae6c,2023-06-02 20:42:25.795372
"我想让你充当文章内容分析专家，你需要阅读我接下来输入的文章内容，将分析结果用json数据的格式反馈给我。 请分析出这篇文章所描述的活动是是不是投票或者评选活动，如果是请用action=1表示，如果不是请用acion=0表示，请分析该活动状态是否处于征集选手中，如果是请用action_type=1表示 。请分析该活动状态是否处于活动筹备中，如果是请用action_type=2表示。请分析该活动状态是否处于活动进行中，如果是请用action_type=3表示。 请分析该活动状态是否处于已结束状态，如果是请用action_type=4表示。请分析该活动状态是否处于报名已截止状态，如果是请用action_type=5表示。请将联系方式中的姓名提取出来，用name字段表示。 请将手机号、联系热线、电话号码提取出来，用phone字段表示。请将联系地址提取出来用area字段表示。

文章内容为：
“唱响美好童年　欢度快乐六一”最受欢迎节目评选活动“六一”的欢乐还未散去，小朋友们依然在津津乐道着这个属于自己的节日。
为了让小森林兴海苑幼儿园的小朋友们获得满满的成就感，特推出本次“唱响美好童年　欢度快乐六一”最受欢迎节目评选活动，请您在欣赏小朋友们表演之余为您最喜爱的节目投上宝贵的一票。
投票规则：每人仅有一次投票机会，请投给您最喜爱的节目哟。
投票开始及截止日期：2023年5月31日—6月2日（中午12点前）期待您的参与。
节目精彩回顾请您扫码欣赏大一班：《金色童年》大二班：《咖喱咖喱》大三班：《声声慢》大四班：《童年》大五班：《小书包》大六班：《大中国》中一班：《棒棒糖》中二班：《你笑起来真好看》中三班：《给我一个拥抱》中四班：《我和我的祖国》中五班：《把未来点亮》请给孩子们投票吧每人仅限一票哦。
感谢您对小朋友们的支持与喜爱。
投票结果将在园内公布，敬请期待。
小森林兴海苑幼儿园2023年秋季新生摸底登记开始啦。
成长热线：0551—65660061联系人：夏老师         地址：新海大道与萧城路交口向南300米兴海苑二期东门。",,E:\glm\langchain-ChatGLM\flagged\component 2\tmp5jn6_hhg.json,LLM 对话,,fe95b27d962c4b7d92d99b2e3631ae6c,2023-06-02 20:48:42.296665
手电有什么用？,E:\glm\langchain-ChatGLM\vector_store\msg4,E:\glm\langchain-ChatGLM\flagged\component 2\tmpjf37rbrx.json,知识库问答,,9594ea8bca554754812e2884ca13c1ba,2023-06-08 17:40:20.527740
手电有什么用？,E:\glm\langchain-ChatGLM\vector_store\msg4,E:\glm\langchain-ChatGLM\flagged\component 2\tmpt7gighxv.json,知识库问答,,9594ea8bca554754812e2884ca13c1ba,2023-06-08 17:42:50.501034
手电有什么用？,E:\glm\langchain-ChatGLM\vector_store\msg4,E:\glm\langchain-ChatGLM\flagged\component 2\tmpozwaqqnq.json,知识库问答,,9594ea8bca554754812e2884ca13c1ba,2023-06-08 17:45:12.534249
你好,E:\glm\langchain-ChatGLM\vector_store\新建知识库,E:\glm\langchain-ChatGLM\flagged\component 2\tmpx94mwnl7.json,知识库问答,,9594ea8bca554754812e2884ca13c1ba,2023-06-08 17:47:43.453484
你好,E:\glm\langchain-ChatGLM\vector_store\新建知识库,E:\glm\langchain-ChatGLM\flagged\component 2\tmp8su8u_m3.json,LLM 对话,,9594ea8bca554754812e2884ca13c1ba,2023-06-08 17:47:54.675170
我想让你充当文章内容分析专家，你需要阅读我接下来输入的文章内容，将分析结果用json数据的格式反馈给我。请分析出这篇文章所描述的活动是是不是投票或者评选活动，如果是请用action=1字段表示，如果不是请用acion=0表示，文章内容为:唱响美好童年　欢度快乐六一”最受欢迎节目评选活动“六一”的欢乐还未散去，小朋友们依然在津津乐道着这个属于自己的节日。为了让小森林兴海苑幼儿园的小朋友们获得满满的成就感，特推出本次“唱响美好童年　欢度快乐六一”最受欢迎节目评选活动，请您在欣赏小朋友们表演之余为您最喜爱的节目投上宝贵的一票。投票规则：每人仅有一次投票机会，请投给您最喜爱的节目哟。投票开始及截止日期：2023年5月31日—6月2日（中午12点前）期待您的参与。节目精彩回顾请您扫码欣赏大一班：《金色童年》大二班：《咖喱咖喱》大三班：《声声慢》大四班：《童年》大五班：《小书包》大六班：《大中国》中一班：《棒棒糖》中二班：《你笑起来真好看》中三班：《给我一个拥抱》中四班：《我和我的祖国》中五班：《把未来点亮》请给孩子们投票吧每人仅限一票哦。感谢您对小朋友们的支持与喜爱。投票结果将在园内公布，敬请期待。小森林兴海苑幼儿园2023年秋季新生摸底登记开始啦。成长热线：0551—65660061联系人：夏老师地址：新海大道与萧城路交口向南300米兴海苑二期东门。,E:\glm\langchain-ChatGLM\vector_store\新建知识库,E:\glm\langchain-ChatGLM\flagged\component 2\tmpygs7mrz3.json,LLM 对话,,9594ea8bca554754812e2884ca13c1ba,2023-06-08 17:48:37.249113
"我想让你充当文章内容分析专家，你需要阅读我接下来输入的文章内容，将分析结果用json数据的格式反馈给我。请分析出这篇文章所描述的活动是是不是评选投票或者征集评选活动，如果是请用action=1字段表示，如果不是请用action=0表示，请继续分析该活动是在以下四种状态中的哪种状态。今天时间为2023年6月5日action_type=1,评选征集中,action_type=2,评选进行中action_type=3,评选结束，action_type=0,其他文章内容为传统村落是传承中华优秀传统文化的宝贵“基因库”，是农耕文明的重要载体，具有较高的历史、文化、科学、艺术、社会、经济价值。近日省政府公布了首批四川传统村落名录为提高公众对四川传统村落的认同感扩大四川传统村落影响力现向全社会公开征集四川传统村落形象标识设计作品征集时间为本通知发布之日起至2023年6月30日24：00止欢迎广大创意者投稿参与相关信息如下↓1征集内容四川传统村落形象标识设计分为图案和文字两部分其中文字部分中文为“四川传统村落”2征集范围从事或爱好设计创意者（组织或个人不限）均可参加。3设计要求★形象标识设计要紧扣“四川”“传统”“村落”的主题，精准反映四川传统村落的典型特征、历史和文化内涵；★具有较强的艺术感、启发性、吸引力和识别性；★简明、形象、易记，可用于平面、立体和电子媒介的传播与再创作，适合在传统村落标志牌、宣传网站、纪念章、信封、邮票等处展示；★避免触犯民族宗教文化禁忌。4投稿要求投稿人的应征作品应为未发表过的原创作品，需附上对该作品内涵进行阐释的设计说明，并注明身份（包括投稿人姓名、工作单位、联系方式等）；提供书面或电子稿件一份，图像幅面统一为A4版式，横竖幅不限，图案应尽可能充满幅面，电子版为JPG格式，分辨率在300dpi以上；作品可以采取邮寄或电子邮件的方式进行投稿。5作品评审住房城乡建设厅将会同有关部门组织专家进行评审，入围作品将在住房城乡建设厅网站（http://jst.sc.gov.cn/）公示。本活动设一等奖1名、二等奖10名、三等奖50名，均颁发获奖证书。6时间安排方案征集时间自本通知发布之日起至2023年6月30日24：00止，以邮戳或电子邮件发送时间为准。评选结果将于2023年8月在住房城乡建设厅网站公布。7特别说明投稿人应当提供真实的材料，资料失实将失去作品获奖、发表等机会。投稿人必须保证作品的原创性，不得抄袭、剽窃他人作品，如有前述行为发生，投稿人应当负全部赔偿责任。投稿人对提供的作品享有署名权，除此之外的其他著作权均归属住房城乡建设厅。本次活动不收取任何费用，应征单位或个人在应征过程中的一切费用自理。所有应征作品恕不退还，请投稿人先行保留底稿。本次活动最终解释权归住房城乡建设厅所有。凡投稿者均视为同意并遵守上述规定及要求。8联系方式纸质版邮寄地址：四川省成都市武侯区人民南路四段36号（住房城乡建设厅村镇建设处）邮编：610041信封右上角注明“四川传统村落形象设计标识征集作品”电子版发送至：2276228846@qq.com标题中注明“四川传统村落形象设计标识征集作品”",E:\glm\langchain-ChatGLM\vector_store\新建知识库,E:\glm\langchain-ChatGLM\flagged\component 2\tmp_nlzi56_.json,LLM 对话,,9594ea8bca554754812e2884ca13c1ba,2023-06-08 17:49:54.878196
"今日时间为2023年6月5日,我想让你充当文章内容分析专家，你需要阅读我接下来输入的文章内容,将分析结果用json数据的格式反馈给我。请继续分析该活动是否为,评选，投票或者征集，等活动,如果是请用action=1字段表示，如果不是请用action=0表示。请继续分析该活动是在以下四种状态中的哪种状态。如果是,活动征集中,action_type=1,如果是,活动进行中,action_type=2,如果是,活动结束,action_type=3,如果是,其他,action_type=0,文章内容为:传统村落是传承中华优秀传统文化的宝贵“基因库”，是农耕文明的重要载体，具有较高的历史、文化、科学、艺术、社会、经济价值。近日省政府公布了首批四川传统村落名录为提高公众对四川传统村落的认同感扩大四川传统村落影响力现向全社会公开征集四川传统村落形象标识设计作品征集时间为本通知发布之日起至2023年6月30日24：00止欢迎广大创意者投稿参与相关信息如下↓1征集内容四川传统村落形象标识设计分为图案和文字两部分其中文字部分中文为“四川传统村落”2征集范围从事或爱好设计创意者（组织或个人不限）均可参加。3设计要求★形象标识设计要紧扣“四川”“传统”“村落”的主题，精准反映四川传统村落的典型特征、历史和文化内涵；★具有较强的艺术感、启发性、吸引力和识别性；★简明、形象、易记，可用于平面、立体和电子媒介的传播与再创作，适合在传统村落标志牌、宣传网站、纪念章、信封、邮票等处展示；★避免触犯民族宗教文化禁忌。4投稿要求投稿人的应征作品应为未发表过的原创作品，需附上对该作品内涵进行阐释的设计说明，并注明身份（包括投稿人姓名、工作单位、联系方式等）；提供书面或电子稿件一份，图像幅面统一为A4版式，横竖幅不限，图案应尽可能充满幅面，电子版为JPG格式，分辨率在300dpi以上；作品可以采取邮寄或电子邮件的方式进行投稿。5作品评审住房城乡建设厅将会同有关部门组织专家进行评审，入围作品将在住房城乡建设厅网站（http://jst.sc.gov.cn/）公示。本活动设一等奖1名、二等奖10名、三等奖50名，均颁发获奖证书。6时间安排方案征集时间自本通知发布之日起至2023年6月30日24：00止，以邮戳或电子邮件发送时间为准。评选结果将于2023年8月在住房城乡建设厅网站公布。7特别说明投稿人应当提供真实的材料，资料失实将失去作品获奖、发表等机会。投稿人必须保证作品的原创性，不得抄袭、剽窃他人作品，如有前述行为发生，投稿人应当负全部赔偿责任。投稿人对提供的作品享有署名权，除此之外的其他著作权均归属住房城乡建设厅。本次活动不收取任何费用，应征单位或个人在应征过程中的一切费用自理。所有应征作品恕不退还，请投稿人先行保留底稿。本次活动最终解释权归住房城乡建设厅所有。凡投稿者均视为同意并遵守上述规定及要求。8联系方式纸质版邮寄地址：四川省成都市武侯区人民南路四段36号（住房城乡建设厅村镇建设处）邮编：610041信封右上角注明“四川传统村落形象设计标识征集作品”电子版发送至：2276228846@qq.com标题中注明“四川传统村落形象设计标识征集作品”",E:\glm\langchain-ChatGLM\vector_store\新建知识库,E:\glm\langchain-ChatGLM\flagged\component 2\tmpvkiwjvnn.json,LLM 对话,,9594ea8bca554754812e2884ca13c1ba,2023-06-08 17:50:44.449458
"今日时间为2023年6月5日,我想让你充当文章内容分析专家，你需要阅读我接下来输入的文章内容，将分析结果用json数据的格式反馈给我。请分析出这篇文章所描述的活动是是不是评选投票或者征集评选活动，如果是请用action=1字段表示，如果不是请用action=0表示，请继续分析该活动是在以下四种状态中的哪种状态。action_type=1,活动征集中,action_type=2,活动进行中action_type=3,活动结束action_type=0,其他文章内容为：唱响美好童年　欢度快乐六一”最受欢迎节目评选活动“六一”的欢乐还未散去，小朋友们依然在津津乐道着这个属于自己的节日。为了让小森林兴海苑幼儿园的小朋友们获得满满的成就感，特推出本次“唱响美好童年　欢度快乐六一”最受欢迎节目评选活动，请您在欣赏小朋友们表演之余为您最喜爱的节目投上宝贵的一票。投票规则：每人仅有一次投票机会，请投给您最喜爱的节目哟。投票开始及截止日期：2023年5月31日—6月2日（中午12点前）期待您的参与。节目精彩回顾请您扫码欣赏大一班：《金色童年》大二班：《咖喱咖喱》大三班：《声声慢》大四班：《童年》大五班：《小书包》大六班：《大中国》中一班：《棒棒糖》中二班：《你笑起来真好看》中三班：《给我一个拥抱》中四班：《我和我的祖国》中五班：《把未来点亮》请给孩子们投票吧每人仅限一票哦。感谢您对小朋友们的支持与喜爱。投票结果将在园内公布，敬请期待。小森林兴海苑幼儿园2023年秋季新生摸底登记开始啦。成长热线：0551—65660061联系人：夏老师地址：新海大道与萧城路交口向南300米兴海苑二期东门。",E:\glm\langchain-ChatGLM\vector_store\新建知识库,E:\glm\langchain-ChatGLM\flagged\component 2\tmp7u90f37_.json,LLM 对话,,9594ea8bca554754812e2884ca13c1ba,2023-06-08 17:52:05.754074
"今日时间为2023年6月5日,我想让你充当文章内容分析专家，你需要阅读我接下来输入的文章内容，将分析结果用json数据的格式反馈给我。请继续分析该活动是否为投票,征集,评选活动，action=1，是，action=0，不是。请继续分析该活动是在以下四种状态中的哪种状态。action_type=1,活动征集中,action_type=2,活动进行中action_type=3,活动结束,action_type=0,其他,文章内容为传统村落是传承中华优秀传统文化的宝贵“基因库”，是农耕文明的重要载体，具有较高的历史、文化、科学、艺术、社会、经济价值。近日省政府公布了首批四川传统村落名录为提高公众对四川传统村落的认同感扩大四川传统村落影响力现向全社会公开征集四川传统村落形象标识设计作品征集时间为本通知发布之日起至2023年6月30日24：00止欢迎广大创意者投稿参与相关信息如下↓1征集内容四川传统村落形象标识设计分为图案和文字两部分其中文字部分中文为“四川传统村落”2征集范围从事或爱好设计创意者（组织或个人不限）均可参加。3设计要求★形象标识设计要紧扣“四川”“传统”“村落”的主题，精准反映四川传统村落的典型特征、历史和文化内涵；★具有较强的艺术感、启发性、吸引力和识别性；★简明、形象、易记，可用于平面、立体和电子媒介的传播与再创作，适合在传统村落标志牌、宣传网站、纪念章、信封、邮票等处展示；★避免触犯民族宗教文化禁忌。4投稿要求投稿人的应征作品应为未发表过的原创作品，需附上对该作品内涵进行阐释的设计说明，并注明身份（包括投稿人姓名、工作单位、联系方式等）；提供书面或电子稿件一份，图像幅面统一为A4版式，横竖幅不限，图案应尽可能充满幅面，电子版为JPG格式，分辨率在300dpi以上；作品可以采取邮寄或电子邮件的方式进行投稿。5作品评审住房城乡建设厅将会同有关部门组织专家进行评审，入围作品将在住房城乡建设厅网站（http://jst.sc.gov.cn/）公示。本活动设一等奖1名、二等奖10名、三等奖50名，均颁发获奖证书。6时间安排方案征集时间自本通知发布之日起至2023年6月30日24：00止，以邮戳或电子邮件发送时间为准。评选结果将于2023年8月在住房城乡建设厅网站公布。7特别说明投稿人应当提供真实的材料，资料失实将失去作品获奖、发表等机会。投稿人必须保证作品的原创性，不得抄袭、剽窃他人作品，如有前述行为发生，投稿人应当负全部赔偿责任。投稿人对提供的作品享有署名权，除此之外的其他著作权均归属住房城乡建设厅。本次活动不收取任何费用，应征单位或个人在应征过程中的一切费用自理。所有应征作品恕不退还，请投稿人先行保留底稿。本次活动最终解释权归住房城乡建设厅所有。凡投稿者均视为同意并遵守上述规定及要求。8联系方式纸质版邮寄地址：四川省成都市武侯区人民南路四段36号（住房城乡建设厅村镇建设处）邮编：610041信封右上角注明“四川传统村落形象设计标识征集作品”电子版发送至：2276228846@qq.com标题中注明“四川传统村落形象设计标识征集作品”",E:\glm\langchain-ChatGLM\vector_store\新建知识库,E:\glm\langchain-ChatGLM\flagged\component 2\tmp_su9k43_.json,LLM 对话,,9594ea8bca554754812e2884ca13c1ba,2023-06-08 17:53:14.576712
"我想让你充当文章内容分析专家，你需要阅读我接下来输入的文章内容，将分析结果用json数据的格式反馈给我。请继续分析该活动是否为投票,征集,评选活动，action=1，是，action=0，不是。文章内容为:传统村落是传承中华优秀传统文化的宝贵“基因库”，是农耕文明的重要载体，具有较高的历史、文化、科学、艺术、社会、经济价值。近日省政府公布了首批四川传统村落名录为提高公众对四川传统村落的认同感扩大四川传统村落影响力现向全社会公开征集四川传统村落形象标识设计作品征集时间为本通知发布之日起至2023年6月30日24：00止欢迎广大创意者投稿参与相关信息如下↓1征集内容四川传统村落形象标识设计分为图案和文字两部分其中文字部分中文为“四川传统村落”2征集范围从事或爱好设计创意者（组织或个人不限）均可参加。3设计要求★形象标识设计要紧扣“四川”“传统”“村落”的主题，精准反映四川传统村落的典型特征、历史和文化内涵；★具有较强的艺术感、启发性、吸引力和识别性；★简明、形象、易记，可用于平面、立体和电子媒介的传播与再创作，适合在传统村落标志牌、宣传网站、纪念章、信封、邮票等处展示；★避免触犯民族宗教文化禁忌。4投稿要求投稿人的应征作品应为未发表过的原创作品，需附上对该作品内涵进行阐释的设计说明，并注明身份（包括投稿人姓名、工作单位、联系方式等）；提供书面或电子稿件一份，图像幅面统一为A4版式，横竖幅不限，图案应尽可能充满幅面，电子版为JPG格式，分辨率在300dpi以上；作品可以采取邮寄或电子邮件的方式进行投稿。5作品评审住房城乡建设厅将会同有关部门组织专家进行评审，入围作品将在住房城乡建设厅网站（http://jst.sc.gov.cn/）公示。本活动设一等奖1名、二等奖10名、三等奖50名，均颁发获奖证书。6时间安排方案征集时间自本通知发布之日起至2023年6月30日24：00止，以邮戳或电子邮件发送时间为准。评选结果将于2023年8月在住房城乡建设厅网站公布。7特别说明投稿人应当提供真实的材料，资料失实将失去作品获奖、发表等机会。投稿人必须保证作品的原创性，不得抄袭、剽窃他人作品，如有前述行为发生，投稿人应当负全部赔偿责任。投稿人对提供的作品享有署名权，除此之外的其他著作权均归属住房城乡建设厅。本次活动不收取任何费用，应征单位或个人在应征过程中的一切费用自理。所有应征作品恕不退还，请投稿人先行保留底稿。本次活动最终解释权归住房城乡建设厅所有。凡投稿者均视为同意并遵守上述规定及要求。8联系方式纸质版邮寄地址：四川省成都市武侯区人民南路四段36号（住房城乡建设厅村镇建设处）邮编：610041信封右上角注明“四川传统村落形象设计标识征集作品”电子版发送至：2276228846@qq.com标题中注明“四川传统村落形象设计标识征集作品”",E:\glm\langchain-ChatGLM\vector_store\新建知识库,E:\glm\langchain-ChatGLM\flagged\component 2\tmp06hj7gpg.json,LLM 对话,,9594ea8bca554754812e2884ca13c1ba,2023-06-08 17:54:51.434006
"我想让你充当文章内容分析专家，你需要阅读我接下来输入的文章内容，将分析结果用json数据的格式反馈给我。请继续分析该活动是否为投票,征集,评选活动，action=1，是，action=0，不是。文章内容为:传统村落是传承中华优秀传统文化的宝贵“基因库”，是农耕文明的重要载体，具有较高的历史、文化、科学、艺术、社会、经济价值。近日省政府公布了首批四川传统村落名录为提高公众对四川传统村落的认同感扩大四川传统村落影响力现向全社会公开征集四川传统村落形象标识设计作品征集时间为本通知发布之日起至2023年6月30日24：00止欢迎广大创意者投稿参与相关信息如下↓1征集内容四川传统村落形象标识设计分为图案和文字两部分其中文字部分中文为“四川传统村落”2征集范围从事或爱好设计创意者（组织或个人不限）均可参加。3设计要求★形象标识设计要紧扣“四川”“传统”“村落”的主题，精准反映四川传统村落的典型特征、历史和文化内涵；★具有较强的艺术感、启发性、吸引力和识别性；★简明、形象、易记，可用于平面、立体和电子媒介的传播与再创作，适合在传统村落标志牌、宣传网站、纪念章、信封、邮票等处展示；★避免触犯民族宗教文化禁忌。4投稿要求投稿人的应征作品应为未发表过的原创作品，需附上对该作品内涵进行阐释的设计说明，并注明身份（包括投稿人姓名、工作单位、联系方式等）；提供书面或电子稿件一份，图像幅面统一为A4版式，横竖幅不限，图案应尽可能充满幅面，电子版为JPG格式，分辨率在300dpi以上；作品可以采取邮寄或电子邮件的方式进行投稿。5作品评审住房城乡建设厅将会同有关部门组织专家进行评审，入围作品将在住房城乡建设厅网站（http://jst.sc.gov.cn/）公示。本活动设一等奖1名、二等奖10名、三等奖50名，均颁发获奖证书。6时间安排方案征集时间自本通知发布之日起至2023年6月30日24：00止，以邮戳或电子邮件发送时间为准。评选结果将于2023年8月在住房城乡建设厅网站公布。7特别说明投稿人应当提供真实的材料，资料失实将失去作品获奖、发表等机会。投稿人必须保证作品的原创性，不得抄袭、剽窃他人作品，如有前述行为发生，投稿人应当负全部赔偿责任。投稿人对提供的作品享有署名权，除此之外的其他著作权均归属住房城乡建设厅。本次活动不收取任何费用，应征单位或个人在应征过程中的一切费用自理。所有应征作品恕不退还，请投稿人先行保留底稿。本次活动最终解释权归住房城乡建设厅所有。凡投稿者均视为同意并遵守上述规定及要求。8联系方式纸质版邮寄地址：四川省成都市武侯区人民南路四段36号（住房城乡建设厅村镇建设处）邮编：610041信封右上角注明“四川传统村落形象设计标识征集作品”电子版发送至：2276228846@qq.com标题中注明“四川传统村落形象设计标识征集作品”",E:\glm\langchain-ChatGLM\vector_store\新建知识库,E:\glm\langchain-ChatGLM\flagged\component 2\tmpiyxtyfl3.json,LLM 对话,,9594ea8bca554754812e2884ca13c1ba,2023-06-08 17:55:04.772686
我想让你充当文章内容分析专家，你需要阅读我接下来输入的文章内容，将分析结果用json数据的格式反馈给我。请分析出这篇文章所描述的活动是是不是评选投票或者征集评选活动，如果是请用action=1字段表示，如果不是请用action=0表示文章内容为：唱响美好童年　欢度快乐六一”最受欢迎节目评选活动“六一”的欢乐还未散去，小朋友们依然在津津乐道着这个属于自己的节日。为了让小森林兴海苑幼儿园的小朋友们获得满满的成就感，特推出本次“唱响美好童年　欢度快乐六一”最受欢迎节目评选活动，请您在欣赏小朋友们表演之余为您最喜爱的节目投上宝贵的一票。投票规则：每人仅有一次投票机会，请投给您最喜爱的节目哟。投票开始及截止日期：2023年5月31日—6月2日（中午12点前）期待您的参与。节目精彩回顾请您扫码欣赏大一班：《金色童年》大二班：《咖喱咖喱》大三班：《声声慢》大四班：《童年》大五班：《小书包》大六班：《大中国》中一班：《棒棒糖》中二班：《你笑起来真好看》中三班：《给我一个拥抱》中四班：《我和我的祖国》中五班：《把未来点亮》请给孩子们投票吧每人仅限一票哦。感谢您对小朋友们的支持与喜爱。投票结果将在园内公布，敬请期待。小森林兴海苑幼儿园2023年秋季新生摸底登记开始啦。成长热线：0551—65660061联系人：夏老师地址：新海大道与萧城路交口向南300米兴海苑二期东门。,E:\glm\langchain-ChatGLM\vector_store\新建知识库,E:\glm\langchain-ChatGLM\flagged\component 2\tmpl1_y8pc1.json,LLM 对话,,9594ea8bca554754812e2884ca13c1ba,2023-06-08 17:55:56.274164
我想让你充当文章内容分析专家，你需要阅读我接下来输入的文章内容，将分析结果用json数据的格式反馈给我。请分析出这篇文章所描述的活动是是不是评选投票或者征集评选活动，如果是请用action=1字段表示，如果不是请用action=0表示文章内容为：唱响美好童年　欢度快乐六一”最受欢迎节目评选活动“六一”的欢乐还未散去，小朋友们依然在津津乐道着这个属于自己的节日。为了让小森林兴海苑幼儿园的小朋友们获得满满的成就感，特推出本次“唱响美好童年　欢度快乐六一”最受欢迎节目评选活动，请您在欣赏小朋友们表演之余为您最喜爱的节目投上宝贵的一票。投票规则：每人仅有一次投票机会，请投给您最喜爱的节目哟。投票开始及截止日期：2023年5月31日—6月2日（中午12点前）期待您的参与。节目精彩回顾请您扫码欣赏大一班：《金色童年》大二班：《咖喱咖喱》大三班：《声声慢》大四班：《童年》大五班：《小书包》大六班：《大中国》中一班：《棒棒糖》中二班：《你笑起来真好看》中三班：《给我一个拥抱》中四班：《我和我的祖国》中五班：《把未来点亮》请给孩子们投票吧每人仅限一票哦。感谢您对小朋友们的支持与喜爱。投票结果将在园内公布，敬请期待。小森林兴海苑幼儿园2023年秋季新生摸底登记开始啦。成长热线：0551—65660061联系人：夏老师地址：新海大道与萧城路交口向南300米兴海苑二期东门。,E:\glm\langchain-ChatGLM\vector_store\新建知识库,E:\glm\langchain-ChatGLM\flagged\component 2\tmp67gf6kbv.json,知识库测试,,9594ea8bca554754812e2884ca13c1ba,2023-06-08 17:58:47.793270
"我想让你充当文章内容分析专家，你需要阅读我接下来输入的文章内容，将分析结果用ison数据的格式反馈给我。请分析出这篇文章所描述的活动是是不是评选投票或者征集评选活动，如果是请用action=1字段表示，如果不是请用action=0表示文章内容为:唱响美好童年欢度快乐六一“最受欢迎节目评选活动”六一”的欢乐还未散去，小朋友们依然在津津乐道着这个属于自己的节日。为了让小森林兴海苑幼儿园的小朋友们获得满满的成就感，特推出本次“唱响美好童年 欢度快乐六一”最受欢迎节目评选活动，请您在欣赏小朋友们表演之余为您最喜爱的节目投上宝贵的一票。投票规则:每人仅有一次投票机会，请投给您最喜爱的节目哟。投票开始及截止日期:2023年5月31日-6月2日(中午12点前)期待您的参与。节目精彩回顾请您扫码欣赏大一班:《金色童年》大二班:《咖喱咖喱》大三班:《声声慢》大四班:《童年》大五班:《小书包》大六班:《大中国》中一班:
《棒棒糖》中二班:《你笑起来真好看》中三班:《给我一个拥抱》中四班:《我和我的祖国》中五班:《把未来点亮》请给孩子们投票吧每人仅限一票哦。感谢您对小朋友们的支持与喜爱。投票结果将在园内公布，敬请期待。小森林兴海苑幼儿园2023年秋季新生摸底登记开始啦。成长热线:0551-65660061联系人:夏老师地址:新海大道与萧城路交口向南300米兴海苑二期东门。",E:\glm\langchain-ChatGLM\vector_store\新建知识库,E:\glm\langchain-ChatGLM\flagged\component 2\tmpblrxqfty.json,知识库问答,,1c972bc93c6447f9bf290e12d26aaeff,2023-06-08 18:59:12.760808
"我想让你充当文章内容分析专家，你需要阅读我接下来输入的文章内容，将分析结果用ison数据的格式反馈给我。请分析出这篇文章所描述的活动是是不是评选投票或者征集评选活动，如果是请用action=1字段表示，如果不是请用action=0表示文章内容为:唱响美好童年欢度快乐六一“最受欢迎节目评选活动”六一”的欢乐还未散去，小朋友们依然在津津乐道着这个属于自己的节日。为了让小森林兴海苑幼儿园的小朋友们获得满满的成就感，特推出本次“唱响美好童年 欢度快乐六一”最受欢迎节目评选活动，请您在欣赏小朋友们表演之余为您最喜爱的节目投上宝贵的一票。投票规则:每人仅有一次投票机会，请投给您最喜爱的节目哟。投票开始及截止日期:2023年5月31日-6月2日(中午12点前)期待您的参与。节目精彩回顾请您扫码欣赏大一班:《金色童年》大二班:《咖喱咖喱》大三班:《声声慢》大四班:《童年》大五班:《小书包》大六班:《大中国》中一班:
《棒棒糖》中二班:《你笑起来真好看》中三班:《给我一个拥抱》中四班:《我和我的祖国》中五班:《把未来点亮》请给孩子们投票吧每人仅限一票哦。感谢您对小朋友们的支持与喜爱。投票结果将在园内公布，敬请期待。小森林兴海苑幼儿园2023年秋季新生摸底登记开始啦。成长热线:0551-65660061联系人:夏老师地址:新海大道与萧城路交口向南300米兴海苑二期东门。",E:\glm\langchain-ChatGLM\vector_store\新建知识库,E:\glm\langchain-ChatGLM\flagged\component 2\tmpfw2u244s.json,LLM 对话,,1c972bc93c6447f9bf290e12d26aaeff,2023-06-08 18:59:30.787978
"我想让你充当文章内容分析专家，你需要阅读我接下来输入的文章内容，将分析结果用ison数据的格式反馈给我。请分析出这篇文章所描述的活动是是不是评选投票或者征集评选活动，如果是请用action=1字段表示，如果不是请用action=0表示文章内容为:唱响美好童年欢度快乐六一“最受欢迎节目评选活动”六一”的欢乐还未散去，小朋友们依然在津津乐道着这个属于自己的节日。为了让小森林兴海苑幼儿园的小朋友们获得满满的成就感，特推出本次“唱响美好童年 欢度快乐六一”最受欢迎节目评选活动，请您在欣赏小朋友们表演之余为您最喜爱的节目投上宝贵的一票。投票规则:每人仅有一次投票机会，请投给您最喜爱的节目哟。投票开始及截止日期:2023年5月31日-6月2日(中午12点前)期待您的参与。节目精彩回顾请您扫码欣赏大一班:《金色童年》大二班:《咖喱咖喱》大三班:《声声慢》大四班:《童年》大五班:《小书包》大六班:《大中国》中一班:
《棒棒糖》中二班:《你笑起来真好看》中三班:《给我一个拥抱》中四班:《我和我的祖国》中五班:《把未来点亮》请给孩子们投票吧每人仅限一票哦。感谢您对小朋友们的支持与喜爱。投票结果将在园内公布，敬请期待。小森林兴海苑幼儿园2023年秋季新生摸底登记开始啦。成长热线:0551-65660061联系人:夏老师地址:新海大道与萧城路交口向南300米兴海苑二期东门。",E:\glm\langchain-ChatGLM\vector_store\新建知识库,E:\glm\langchain-ChatGLM\flagged\component 2\tmp9s2tf2xo.json,LLM 对话,,1c972bc93c6447f9bf290e12d26aaeff,2023-06-08 18:59:40.840958
"我想让你充当文章内容分析专家，你需要阅读我接下来输入的文章内容，将分析结果用ison数据的格式反馈给我。请分析出这篇文章所描述的活动是是不是评选投票或者征集评选活动，如果是请用action=1字段表示，如果不是请用action=0表示文章内容为:唱响美好童年欢度快乐六一“最受欢迎节目评选活动”六一”的欢乐还未散去，小朋友们依然在津津乐道着这个属于自己的节日。为了让小森林兴海苑幼儿园的小朋友们获得满满的成就感，特推出本次“唱响美好童年 欢度快乐六一”最受欢迎节目评选活动，请您在欣赏小朋友们表演之余为您最喜爱的节目投上宝贵的一票。投票规则:每人仅有一次投票机会，请投给您最喜爱的节目哟。投票开始及截止日期:2023年5月31日-6月2日(中午12点前)期待您的参与。节目精彩回顾请您扫码欣赏大一班:《金色童年》大二班:《咖喱咖喱》大三班:《声声慢》大四班:《童年》大五班:《小书包》大六班:《大中国》中一班:
《棒棒糖》中二班:《你笑起来真好看》中三班:《给我一个拥抱》中四班:《我和我的祖国》中五班:《把未来点亮》请给孩子们投票吧每人仅限一票哦。感谢您对小朋友们的支持与喜爱。投票结果将在园内公布，敬请期待。小森林兴海苑幼儿园2023年秋季新生摸底登记开始啦。成长热线:0551-65660061联系人:夏老师地址:新海大道与萧城路交口向南300米兴海苑二期东门。",E:\glm\langchain-ChatGLM\vector_store\新建知识库,E:\glm\langchain-ChatGLM\flagged\component 2\tmp73cpaa_g.json,LLM 对话,,1c972bc93c6447f9bf290e12d26aaeff,2023-06-08 19:00:33.969228
"我想让你充当文章内容分析专家，你需要阅读我接下来输入的文章内容，将分析结果用json数据的格式反馈给我。请分析出这篇文章所描述的活动是是不是评选投票或者征集评选活动，如果是请用action=1字段表示，如果不是请用action=0表示。文章内容为:唱响美好童年欢度快乐六一""最受欢迎节目评选活动六一""的欢乐还未散去，小朋友们依然在津津乐道着这个属于自己的节日。为了让小森林兴海苑幼儿园的小朋友们获得满满的成就感，特推出本次""唱响美好童年﹑欢度快乐六一""最受欢迎节目评选活动，请您在欣赏小朋友们表演之余为您最喜爱的节目投上宝贵的一票。投票规则:每人仅有一次投票机会，请投给您最喜爱的节目哟。投票开始及截止日期:2023年5月31日—6月2日(中午12点前)期待您的参与。节目精彩回顾请您扫码欣赏大一班:《金色童年》大二班:《咖喱咖喱》大三班:《声声慢》大四班:《童年》大五班:《小书包》大六班:《大中国》中一班:《棒棒糖》中二班:《你笑起来真好看》中三班:《给我一个拥抱》中四班:《我和我的祖国》中五班:《把未来点亮》请给孩子们投票吧每人仅限一票哦。感谢您对小朋友们的支持与喜爱。投票结果将在园内公布，敬请期待。小森林兴海苑幼儿园2023年秋季新生摸底登记开始啦。成长热线:0551—65660061联系人:夏老师地址:新海大道与萧城路交口向南300米兴海苑二期东门。",E:\glm\langchain-ChatGLM\vector_store\新建知识库,E:\glm\langchain-ChatGLM\flagged\component 2\tmpg8hpwegg.json,LLM 对话,,1c972bc93c6447f9bf290e12d26aaeff,2023-06-08 19:02:08.788345
